Product_Category,Total_Sales,Avg_Transaction_Value,Transaction_Count
Beauty,143515,467.4755700325733,307
Clothing,155580,443.2478632478632,351
Electronics,156905,458.7865497076023,342
