Group,Total_Users,Converted_Users,Conversion_Rate,Conversion_Rate_Percent
ad,133808,6926,0.05176073179481047,5.1760731794810475
psa,7701,235,0.03051551746526425,3.051551746526425
